/index.php,28149
/robots.txt,7125
/administrator/index.php,20084
/,26184
/modules/mod_bowslideshow/tmpl/css/bowslideshow.css,2204
/templates/jp_hotel/css/template.css,2186
/templates/jp_hotel/css/layout.css,2163
/templates/jp_hotel/css/menu.css,2161
/templates/jp_hotel/css/suckerfish.css,2161
/media/system/js/caption.js,2239
/media/system/js/mootools.js,2481
/templates/jp_hotel/js/moomenu.js,2293
/modules/mod_bowslideshow/tmpl/js/sliderman.1.3.0.js,2286
/images/stories/slideshow/almhuette_raith_02.jpg,2270
/images/stories/slideshow/almhuette_raith_01.jpg,2328
/images/stories/slideshow/almhuette_raith_03.jpg,2228
/images/stories/slideshow/almhuette_raith_06.jpg,2210
/images/stories/slideshow/almhuette_raith_04.jpg,2240
/images/stories/slideshow/almhuette_raith_05.jpg,2227
/images/stories/slideshow/almhuette_raith_07.jpg,2188
/templates/jp_hotel/images/logo.jpg,2195
/images/stories/raith/almhuette_raith.jpg,1945
/images/stories/raith/grillplatz.jpg,1922
/images/stories/raith/wohnraum.jpg,1929
/images/stories/raith/garage.jpg,1909
/images/stories/raith/almenland_logo.jpg,1946
/images/stories/raith/oststeiermark.png,1965
/images/stories/raith/steiermark_herz.png,1932
/images/bg_raith.jpg,1883
/modules/mod_bowslideshow/tmpl/images/image_shadow.png,1881
/templates/jp_hotel/images/content_heading.gif,1849
/templates/jp_hotel/images/module_heading.gif,1816
/administrator/,413
/administrator/templates/system/css/system.css,406
/administrator/templates/khepri/css/login.css,268
/administrator/templates/khepri/css/rounded.css,269
/administrator/templates/khepri/css/general.css,258
/administrator/templates/khepri/images/h_green/j_header_right.png,253
/administrator/templates/khepri/images/h_green/j_header_middle.png,252
/administrator/templates/khepri/images/h_green/j_header_left.png,253
/administrator/templates/khepri/images/j_corner_br.png,252
/administrator/templates/khepri/images/j_crn_br_light.png,252
/administrator/templates/khepri/images/j_button1_next.png,252
/administrator/templates/khepri/images/j_bottom.png,251
/administrator/templates/khepri/images/j_corner_bl.png,250
/administrator/templates/khepri/images/j_login_lock.jpg,253
/administrator/templates/khepri/images/j_button1_left.png,253
/administrator/templates/khepri/images/j_crn_bl_light.png,252
/administrator/templates/khepri/images/j_border.png,251
/administrator/templates/khepri/images/j_crn_tr_light.png,252
/administrator/templates/khepri/images/j_crn_tl_light.png,253
/administrator/templates/khepri/favicon.ico,198
/images/stories/raith/wohnung_1_web.jpg,620
/images/stories/raith/wohnung_2_web.jpg,521
/components/com_phocagallery/assets/phocagallery.css,563
/media/system/css/modal.css,564
/media/system/js/modal.js,579
/components/com_phocagallery/assets/js/shadowbox/shadowbox.js,583
/components/com_phocagallery/assets/images/icon-up-images.gif,659
/components/com_phocagallery/assets/js/shadowbox/src/skin/classic/skin.css,546
/components/com_phocagallery/assets/js/shadowbox/src/lang/shadowbox-en.js,570
/components/com_phocagallery/assets/js/shadowbox/src/skin/classic/skin.js,568
/components/com_phocagallery/assets/images/icon-folder-medium.gif,545
/components/com_phocagallery/assets/js/shadowbox/src/player/shadowbox-img.js,568
/images/phocagallery/almhuette/thumbs/phoca_thumb_m_almhuette_raith.jpg,517
/components/com_phocagallery/assets/images/icon-view.gif,657
/images/phocagallery/almhuette/thumbs/phoca_thumb_m_jaegerzaun_gr.jpg,513
/images/phocagallery/almhuette/thumbs/phoca_thumb_m_aussicht.jpg,510
/images/phocagallery/almhuette/thumbs/phoca_thumb_m_garage.jpg,512
/images/phocagallery/almhuette/thumbs/phoca_thumb_m_grillplatz.jpg,506
/images/phocagallery/almhuette/thumbs/phoca_thumb_m_terasse.jpg,515
/images/phocagallery/almhuette/thumbs/phoca_thumb_m_almhuette_raith_003.jpg,517
/images/phocagallery/almhuette/thumbs/phoca_thumb_m_wohnraum.jpg,513
/images/phocagallery/almhuette/thumbs/phoca_thumb_m_almhuette_raith_009.jpg,511
/images/phocagallery/almhuette/thumbs/phoca_thumb_m_almhuette_raith_011.jpg,513
/images/phocagallery/almhuette/thumbs/phoca_thumb_m_zimmer.jpg,513
/images/phocagallery/almhuette/thumbs/phoca_thumb_m_almhuette_raith_008.jpg,508
/components/com_phocagallery/assets/images/shadow1.gif,527
/images/phocagallery/almhuette/thumbs/phoca_thumb_m_almhuette_raith_006.jpg,511
/images/phocagallery/almhuette/thumbs/phoca_thumb_m_almhuette_raith_005.jpg,514
/images/phocagallery/almhuette/thumbs/phoca_thumb_m_almhuette_raith_012.jpg,513
/images/phocagallery/almhuette/thumbs/phoca_thumb_m_almhuette_raith_007.jpg,508
/images/phocagallery/almhuette/thumbs/phoca_thumb_m_almhuette_raith_001.jpg,511
/images/phocagallery/almhuette/thumbs/phoca_thumb_m_almhuette_raith_010.jpg,511
/images/phocagallery/almhuette/thumbs/phoca_thumb_m_almhuette_raith_002.jpg,512
/images/phocagallery/almhuette/thumbs/phoca_thumb_m_almhuette_raith_004.jpg,513
/components/com_phocagallery/assets/js/shadowbox/src/skin/classic/icons/next.png,504
/components/com_phocagallery/assets/js/shadowbox/src/skin/classic/icons/close.png,504
/components/com_phocagallery/assets/js/shadowbox/src/skin/classic/icons/pause.png,501
/components/com_phocagallery/assets/js/shadowbox/src/skin/classic/icons/play.png,502
/components/com_phocagallery/assets/js/shadowbox/src/skin/classic/icons/previous.png,502
/components/com_phocagallery/assets/js/shadowbox/src/skin/classic/loading.gif,495
,77
/index.old1,20
/index.php/admin//Cms_Wysiwyg/directive/,1
/media/system/images/closebox.png,7
/images/phocagallery/almhuette/thumbs/phoca_thumb_m_almhuette_raith_013.jpg,76
/images/phocagallery/almhuette/thumbs/phoca_thumb_m_almhuette_raith_014.jpg,79
/images/phocagallery/almhuette/thumbs/phoca_thumb_m_almhuette_raith_016.jpg,78
/images/phocagallery/almhuette/thumbs/phoca_thumb_m_almhuette_raith_015.jpg,78
/images/phocagallery/almhuette/thumbs/phoca_thumb_l_almhuette_raith_004.jpg,148
/images/phocagallery/almhuette/thumbs/phoca_thumb_l_almhuette_raith_002.jpg,158
/images/phocagallery/almhuette/thumbs/phoca_thumb_l_almhuette_raith_003.jpg,147
/images/phocagallery/almhuette/thumbs/phoca_thumb_l_almhuette_raith_005.jpg,150
/images/phocagallery/almhuette/thumbs/phoca_thumb_l_almhuette_raith_006.jpg,143
/images/phocagallery/almhuette/thumbs/phoca_thumb_l_almhuette_raith_007.jpg,132
/images/phocagallery/almhuette/thumbs/phoca_thumb_l_almhuette_raith_008.jpg,144
/images/phocagallery/almhuette/thumbs/phoca_thumb_l_almhuette_raith_009.jpg,139
/images/phocagallery/almhuette/thumbs/phoca_thumb_l_almhuette_raith_010.jpg,143
/images/phocagallery/almhuette/thumbs/phoca_thumb_l_almhuette_raith_011.jpg,145
/images/phocagallery/almhuette/thumbs/phoca_thumb_l_almhuette_raith_012.jpg,200
/images/phocagallery/almhuette/thumbs/phoca_thumb_l_almhuette_raith.jpg,203
/images/phocagallery/almhuette/thumbs/phoca_thumb_l_aussicht.jpg,185
/images/phocagallery/almhuette/thumbs/phoca_thumb_l_garage.jpg,172
/images/phocagallery/almhuette/thumbs/phoca_thumb_l_grillplatz.jpg,155
/images/phocagallery/almhuette/thumbs/phoca_thumb_l_jaegerzaun_gr.jpg,152
/images/phocagallery/almhuette/thumbs/phoca_thumb_l_wohnraum.jpg,184
/images/phocagallery/almhuette/thumbs/phoca_thumb_l_terasse.jpg,176
/images/phocagallery/almhuette/thumbs/phoca_thumb_l_zimmer.jpg,177
/LICENSE.php,11
/images/phocagallery/Ferienwohnung_2/thumbs/phoca_thumb_m_1_essecke.jpg,197
/images/phocagallery/Ferienwohnung_2/thumbs/phoca_thumb_m_2_wohnkche.jpg,198
/images/phocagallery/Ferienwohnung_2/thumbs/phoca_thumb_m_3_wohnkche1.jpg,198
/images/phocagallery/Ferienwohnung_2/thumbs/phoca_thumb_m_4_schlafzimmer.jpg,198
/images/phocagallery/Ferienwohnung_2/thumbs/phoca_thumb_m_5_bad.jpg,196
/images/phocagallery/Ferienwohnung_2/thumbs/phoca_thumb_m_6_wc.jpg,200
/images/phocagallery/thumbs/phoca_thumb_m_winterfoto.jpg,111
/images/phocagallery/thumbs/phoca_thumb_m_winterfoto%201.jpg,111
/images/phocagallery/thumbs/phoca_thumb_m_winterfoto%202.jpg,108
/images/phocagallery/thumbs/phoca_thumb_m_winterfoto%203.jpg,108
/images/phocagallery/thumbs/phoca_thumb_m_winterfoto%204.jpg,106
/images/phocagallery/thumbs/phoca_thumb_m_winterfoto%205.jpg,110
/images/phocagallery/thumbs/phoca_thumb_m_winterfoto%206.jpg,111
/images/phocagallery/thumbs/phoca_thumb_m_winterfoto%207.jpg,108
/images/phocagallery/thumbs/phoca_thumb_m_winterfoto%209.jpg,109
/images/phocagallery/thumbs/phoca_thumb_m_winterfoto%2010.jpg,108
/images/phocagallery/thumbs/phoca_thumb_m_winterfoto%2011.jpg,110
/images/phocagallery/thumbs/phoca_thumb_m_winterfoto%2012.jpg,109
/images/phocagallery/thumbs/phoca_thumb_m_winterfoto%2013.jpg,105
/images/phocagallery/thumbs/phoca_thumb_m_winterfoto%2014.jpg,108
/images/phocagallery/thumbs/phoca_thumb_m_winterfoto%2015.jpg,109
/images/phocagallery/thumbs/phoca_thumb_m_winterfoto%2016.jpg,108
/images/phocagallery/thumbs/phoca_thumb_m_winterfoto%2017.jpg,114
/images/phocagallery/thumbs/phoca_thumb_m_winterfoto%2018.jpg,114
/images/phocagallery/thumbs/phoca_thumb_m_winterfoto%2019.jpg,110
/images/phocagallery/thumbs/phoca_thumb_m_winterfoto%2020.jpg,114
/templates/system/css/error.css,53
/components/,32
/images/,89
/includes/,29
/language/,27
/libraries/,24
/modules/,26
/plugins/,25
/templates/,26
/tmp/,41
/xmlrpc/,28
/administrator/templates/khepri/css/ie7.css,9
/administrator/templates/khepri/css/ie6.css,9
/administrator/templates/khepri/,5
/cache/,26
/media/,25
/administrator/templates/khepri/css/,3
/templates/jp_hotel/js/iehover.js,13
/images/phocagallery/almhuette/thumbs/phoca_thumb_l_almhuette_raith_001.jpg,169
/components/com_phocagallery/assets/phocagalleryieall.css,8
/images/phocagallery/Ferienwohnung_2/thumbs/phoca_thumb_l_1_essecke.jpg,142
/images/phocagallery/Ferienwohnung_2/thumbs/phoca_thumb_l_3_wohnkche1.jpg,134
/images/phocagallery/Ferienwohnung_2/thumbs/phoca_thumb_l_2_wohnkche.jpg,137
/images/phocagallery/Ferienwohnung_2/thumbs/phoca_thumb_l_4_schlafzimmer.jpg,122
/images/phocagallery/Ferienwohnung_2/thumbs/phoca_thumb_l_5_bad.jpg,120
/images/phocagallery/Ferienwohnung_2/thumbs/phoca_thumb_l_6_wc.jpg,138
/images/phocagallery/thumbs/phoca_thumb_l_winterfoto%201.jpg,66
/images/phocagallery/thumbs/phoca_thumb_l_winterfoto.jpg,66
/images/phocagallery/thumbs/phoca_thumb_l_winterfoto%202.jpg,66
/images/phocagallery/thumbs/phoca_thumb_l_winterfoto%203.jpg,61
/images/phocagallery/thumbs/phoca_thumb_l_winterfoto%204.jpg,57
/images/phocagallery/thumbs/phoca_thumb_l_winterfoto%205.jpg,55
/images/phocagallery/thumbs/phoca_thumb_l_winterfoto%206.jpg,56
/images/phocagallery/thumbs/phoca_thumb_l_winterfoto%207.jpg,54
/images/phocagallery/thumbs/phoca_thumb_l_winterfoto%209.jpg,55
/administrator/templates/system/,239
/images/phocagallery/thumbs/phoca_thumb_l_winterfoto%2010.jpg,58
/images/phocagallery/thumbs/phoca_thumb_l_winterfoto%2011.jpg,57
/images/phocagallery/thumbs/phoca_thumb_l_winterfoto%2012.jpg,57
/images/phocagallery/thumbs/phoca_thumb_l_winterfoto%2014.jpg,63
/images/phocagallery/thumbs/phoca_thumb_l_winterfoto%2013.jpg,62
/administrator/templates/system/css/,54
/images/phocagallery/thumbs/phoca_thumb_l_winterfoto%2015.jpg,57
/images/phocagallery/thumbs/phoca_thumb_l_winterfoto%2016.jpg,55
/images/phocagallery/thumbs/phoca_thumb_l_winterfoto%2018.jpg,51
/images/phocagallery/thumbs/phoca_thumb_l_winterfoto%2019.jpg,53
/images/phocagallery/thumbs/phoca_thumb_l_winterfoto%2020.jpg,61
/images/phocagallery/almhuette/thumbs/phoca_thumb_l_almhuette_raith_013.jpg,53
/images/phocagallery/thumbs/phoca_thumb_l_winterfoto%2017.jpg,54
/images/phocagallery/almhuette/thumbs/phoca_thumb_l_almhuette_raith_014.jpg,53
/images/phocagallery/almhuette/thumbs/phoca_thumb_l_almhuette_raith_016.jpg,50
/images/phocagallery/almhuette/thumbs/phoca_thumb_l_almhuette_raith_015.jpg,53
/images/phocagallery/thumbs/phoca_thumb_l_winterfoto%2021.jpg,44
/images/phocagallery/thumbs/phoca_thumb_l_winterfoto%2022.jpg,44
/images/phocagallery/thumbs/phoca_thumb_l_winterfoto%2023.jpg,45
/images/phocagallery/thumbs/phoca_thumb_l_winterfoto%2024.jpg,43
/images/phocagallery/thumbs/phoca_thumb_l_winterfoto%2025.jpg,45
/images/phocagallery/thumbs/phoca_thumb_l_winterfoto%2026.jpg,45
/images/phocagallery/thumbs/phoca_thumb_m_winterfoto%2021.jpg,45
/images/phocagallery/thumbs/phoca_thumb_m_winterfoto%2022.jpg,44
/images/phocagallery/thumbs/phoca_thumb_m_winterfoto%2023.jpg,43
/images/phocagallery/thumbs/phoca_thumb_m_winterfoto%2024.jpg,45
/images/phocagallery/thumbs/phoca_thumb_m_winterfoto%2025.jpg,46
/images/phocagallery/thumbs/phoca_thumb_m_winterfoto%2026.jpg,44
/administrator/templates/,3
/media/system/,3
/media/system/js/,4
/modules/mod_bowslideshow/,3
/modules/mod_bowslideshow/tmpl/,5
/modules/mod_bowslideshow/tmpl/css/,4
/modules/mod_bowslideshow/tmpl/images/,2
/modules/mod_bowslideshow/tmpl/js/,4
/templates/jp_hotel/,5
/templates/jp_hotel/css/,6
/templates/jp_hotel/images/,7
/templates/jp_hotel/js/,5
/joomla/utilities/compat/php50x.php,2
/joomla/client/ldap.php,1
/joomla/html/html/content.php,1
/phpmailer/language/phpmailer.lang-joomla.php,1
/phpxmlrpc/xmlrpcs.php,1
/stories/,1
/banners/,1
/com_banners/,1
/com_contact/,1
/com_content/,1
/configuration.php-dist,2
/com_jce/,1
/components/com_jce/licence.txt,1
/com_joomlaxplorer/,1
/components/com_joomlaxplorer/README.txt,1
/components/com_joomlaxplorer/CHANGELOG.txt,1
/com_mailto/,1
/com_mailto/mailto.xml,1
/com_media/,1
/com_newsfeeds/,1
/com_phocagallery/,1
/com_poll/,1
/com_search/,1
/com_user/,1
/com_user/user.xml,1
/com_weblinks/,1
/com_wrapper/,1
/com_wrapper/wrapper.xml,1
/templates/system/css/system.css,6
/templates/khepri/css/login.css,5
/templates/khepri/css/rounded.css,5
/templates/khepri/css/general.css,5
/templates/khepri/images/h_green/j_header_middle.png,5
/templates/khepri/images/h_green/j_header_left.png,5
/templates/khepri/images/h_green/j_header_right.png,5
/templates/khepri/images/j_border.png,5
/templates/khepri/images/j_crn_tl_light.png,5
/templates/khepri/images/j_crn_tr_light.png,5
/templates/khepri/images/j_button1_left.png,5
/templates/khepri/images/j_button1_next.png,5
/templates/khepri/images/j_crn_br_light.png,5
/templates/khepri/images/j_crn_bl_light.png,5
/templates/khepri/images/j_login_lock.jpg,5
/templates/khepri/images/j_bottom.png,5
/templates/khepri/images/j_corner_br.png,5
/templates/khepri/images/j_corner_bl.png,5
/templates/khepri/images/notice-alert.png,2
/index.php/admin/Cms_Wysiwyg/directive/,2
/administrator/templates/khepri/images/notice-alert.png,45
/templates/beez/index.php,11
/templates/ja_purity/index.php,13
/templates/rhuk_milkyway/index.php,11
/templates/jp_hotel/index.php,11
/templates/rhuk_milkyway/css/template.css,2
/components/com_mailto/assets/close-x.png,2
/templates/system/css/general.css,6
/CHANGELOG.php,1
/media/system/js/validate.js,15
/images/M_images/con_fax.png,12
/images/M_images/con_info.png,12
/images/M_images/con_address.png,12
/images/stories/powered_by.png,12
/images/M_images/con_tel.png,12
/templates/jp_hotel/images/bullet-list.gif,16
/modules/mod_bowslideshow/tmpl/images/left.png,16
/components/com_phocagallery/assets/images/icon-voting.gif,6
/templates/jp_hotel/images/bullet.gif,16
/templates/jp_hotel/images/sep.gif,15
/modules/mod_bowslideshow/tmpl/images/right_hover.png,16
/templates/jp_hotel/images/arrow.png,16
/media/system/images/spinner.gif,6
/components/com_phocagallery/assets/images/icon-voting-small.gif,6
/components/com_phocagallery/assets/images/icon-info.gif,6
/modules/mod_bowslideshow/tmpl/images/controlls.gif,16
/modules/mod_bowslideshow/tmpl/images/left_hover.png,16
/modules/mod_bowslideshow/tmpl/images/right.png,16
/index.old,18
/alm_raith.jpg,72
/index2.php,192
/templates/system/css/,1
/administrator/components/com_users/users.php,1
/templates/jp_hotel/images/printButton.png,4
/configuration.php,17
/index.php/component/users,23
/language/en-GB/en-GB.com_jce.ini,1
/administrator/language/en-GB/en-GB.com_jce.ini,1
/administrator/templates/khepri/images/h_teal/j_header_middle.png,1
/administrator/templates/khepri/images/h_teal/j_header_right.png,1
/administrator/templates/khepri/images/h_teal/j_header_left.png,1
/administrator/templates/khepri/images/h_cherry/j_header_middle.png,1
/administrator/templates/khepri/images/h_cherry/j_header_right.png,1
/administrator/templates/khepri/images/h_cherry/j_header_left.png,1
/administrator/templates/khepri/images/mini_icon.png,1
/administrator/templates/khepri/images/menu/icon-16-media.png,1
/administrator/templates/khepri/images/menu/icon-16-messages.png,1
/administrator/templates/khepri/images/menu/icon-16-user.png,1
/administrator/templates/khepri/images/menu/icon-16-logout.png,1
/administrator/templates/khepri/images/menu/icon-16-config.png,1
/administrator/templates/khepri/images/j_arrow.png,1
/administrator/templates/khepri/images/j_arrow_down.png,1
/administrator/templates/khepri/images/j_button2_left.png,1
/administrator/templates/khepri/images/j_button2_right.png,1
/administrator/templates/khepri/images/j_button2_prev.png,1
/administrator/templates/khepri/images/j_button2_prev_off.png,1
/administrator/templates/khepri/images/j_button2_first.png,1
/administrator/templates/khepri/images/j_button2_first_off.png,1
/administrator/templates/khepri/images/j_button2_right_cap.png,1
/administrator/templates/khepri/images/j_button2_next.png,1
/administrator/templates/khepri/images/j_button2_next_off.png,1
/administrator/templates/khepri/images/j_button2_last.png,1
/administrator/templates/khepri/images/j_button2_last_off.png,1
/administrator/templates/khepri/images/j_button2_image.png,1
/administrator/templates/khepri/images/j_button2_readmore.png,1
/administrator/templates/khepri/images/j_button2_blank.png,1
/administrator/templates/khepri/images/selector-arrow.png,1
/administrator/templates/khepri/images/calendar.png,1
/administrator/templates/khepri/images/notice-info.png,5
/administrator/templates/khepri/images/notice-note.png,1
/administrator/templates/khepri/images/j_crn_tr_dark.png,1
/administrator/templates/khepri/images/j_crn_tl_dark.png,1
/administrator/templates/khepri/images/j_crn_br_dark.png,1
/administrator/templates/khepri/images/j_crn_tr_med.png,1
/administrator/templates/khepri/images/j_crn_bl_dark.png,1
/administrator/templates/khepri/images/j_crn_tl_med.png,1
/administrator/templates/khepri/images/j_crn_br_med.png,1
/administrator/templates/khepri/images/j_crn_bl_med.png,1
/administrator/templates/khepri/images/j_button2_pagebreak.png,1
/index.php/component/k2/item/14,3
/index.php/component/k2/item/5,3
/index.php/component/k2/item/3,2
/index.php/component/k2/item/1,11
/index.php/component/k2/item/9,2
/index.php/component/k2/item/11,3
/index.php/component/k2/item/15,2
/index.php/component/k2/item/7,2
/index.php/component/k2/item/2,2
/index.php/component/k2/item/10,7
/index.php/component/k2/item/6,2
/index.php/component/k2/item/13,2
/index.php/component/k2/item/12,3
/index.php/component/k2/item/22,5
/index.php/component/k2/item/18,1
/index.php/component/k2/item/4,2
/index.php/component/k2/item/17,2
/index.php/component/k2/item/20,2
/index.php/component/k2/item/21,1
/index.php/component/k2/item/19,3
/index.php/component/k2/item/26,1
/index.php/component/k2/item/28,3
/index.php/component/k2/item/27,2
/index.php/component/k2/item/25,1
/index.php/component/k2/item/29,1
/language/en-GB/en-GB.xml,3
/images/stories/slideshow/,463
/images/stories/raith/,461
/index.php/sign,1
/logs/,10
/components/com_weblinks/weblinks.php,2
/images/stories/,5
/components/com_phocagallery/assets/,2
/images/stories/raith/terasse.jpg,1
/images/stories/raith/matratzenlager.jpg,1
/images/phocagallery/almhuette/thumbs/,1
/images/phocagallery/,2
/components/com_phocagallery/,4
/images/stories/raith/zimmer.jpg,1
/media/system/css/,1
/images/stories/raith/jaegerzaun_gr.jpg,1
/images/phocagallery/almhuette/,1
/images/stories/raith/matratzenlager_2.jpg,1
/images/stories/raith/aussicht.jpg,1
/images/phocagallery/Ferienwohnung_2/thumbs/,1
/images/phocagallery/thumbs/,2
/images/phocagallery/Ferienwohnung_2/,1
/administrator/components/com_admin/,3
/components/com_banners/,2
/administrator/components/com_banners/banners.xml,1
/administrator/components/com_banners/,2
/administrator/components/com_config/,3
/components/com_contact/,2
/components/com_content/,2
/administrator/components/com_config/config.xml,1
/administrator/components/com_contact/contact.xml,1
/administrator/components/com_content/content.xml,1
/administrator/components/com_contact/,1
/administrator/components/com_content/,1
/administrator/components/com_installer/,3
/components/com_jce/,2
/administrator/components/com_installer/installer.xml,1
/administrator/components/com_jce/jce.xml,1
/administrator/components/com_jce/,1
/components/com_joomlaxplorer/,1
/administrator/components/com_joomlaxplorer/,3
/administrator/components/com_joomlaxplorer/README.txt,1
/administrator/components/com_joomlaxplorer/joomlaxplorer.xml,1
/administrator/components/com_joomlaxplorer/CHANGELOG.txt,1
/components/com_mailto/,2
/components/com_media/,2
/components/com_mailto/mailto.xml,1
/administrator/components/com_media/media.xml,1
/administrator/components/com_media/,1
/components/com_newsfeeds/,2
/administrator/components/com_newsfeeds/newsfeeds.xml,1
/administrator/components/com_newsfeeds/,1
/components/com_poll/,2
/administrator/components/com_phocagallery/phocagallery.xml,1
/administrator/components/com_poll/poll.xml,1
/administrator/components/com_phocagallery/,1
/administrator/components/com_poll/,1
/components/com_search/,2
/administrator/components/com_search/search.xml,1
/administrator/components/com_search/,1
/components/com_user/,2
/administrator/components/com_users/,3
/components/com_user/user.xml,1
/administrator/components/com_users/users.xml,1
/components/com_weblinks/,2
/components/com_wrapper/,2
/administrator/components/com_weblinks/weblinks.xml,1
/components/com_wrapper/wrapper.xml,1
/administrator/components/com_weblinks/,1
/index.php/weblinks-categories,1
/index.php/joomla/other-components/registration-form,5
/index.php/component/user/register.html,5
/index.php/registration/registers,5
/tmp/index.html,1
/htaccess.txt,1
/plugins/user/,1
/plugins/system/,2
/plugins/user/index.html,1
/templates/system/,1
/templates/system/images/,1
/templates/system/images/calendar.png,1
/templates/system/images/selector-arrow.png,1
/administrator/index2.php,1
/index.php/administrator,2
/ja_purity/index.php,1
/rhuk_milkyway/index.php,1
/beez/index.php,1
/administrator/components/,2
/administrator/modules/,1
/images/banners/,1
/.bashrc,4
/components/com_phocagallery/assets/js/,1
/components/com_phocagallery/assets/js/shadowbox/,1
/components/com_phocagallery/assets/js/shadowbox/src/skin/,1
/components/com_phocagallery/assets/js/shadowbox/src/lang/,1
/components/com_phocagallery/assets/js/shadowbox/src/player/,1
/configuration,3
/index.php//.env,1
/component/users,3
/components/com_weblinks/router.php,4
/jp_hotel/css/layout.css,1
/jp_hotel/css/template.css,1
/system/js/mootools.js,1
/jp_hotel/css/suckerfish.css,1
/system/js/caption.js,1
/jp_hotel/css/menu.css,1
/jp_hotel/js/moomenu.js,1
/administrator/index.php/,3
/administrator/index.php/index.php,15
/administrator/index.php/plugins/content/s5_media_player/helper.php,2
/administrator/index.php/components/com_hdflvplayer/hdflvplayer/download.php,1
/administrator/index.php/plugins/content/fsave/download.php,1
/administrator/index.php/components/com_portfolio/includes/phpthumb/phpThumb.php,1
/administrator/index.php/plugins/system/captcha/playcode.php,1
/administrator/index.php/administrator/components/com_aceftp/quixplorer/index.php,1
/administrator/index.php/components/com_docman/dl2.php,2
/administrator/index.php/modules/mod_dvfoldercontent/download.php,1
/administrator/index.php/components/com_contushdvideoshare/hdflvplayer/download.php,1
/administrator/index.php/plugins/content/wd/wddownload.php,1
/administrator/index.php/mambo/mambots/editors/mostlyce/jscripts/tiny_mce/plugins/spellchecker/classes/PSpellShell.php,1
/administrator/index.php/libraries/joomla/utilities/compat/php50x.php,2
/administrator/index.php/libraries/joomla/client/ldap.php,1
/administrator/index.php/libraries/joomla/html/html/content.php,1
/administrator/index.php/libraries/phpmailer/language/phpmailer.lang-joomla.php,1
/administrator/index.php/libraries/phpxmlrpc/xmlrpcs.php,1
/administrator/index.php/plugins/content/clicktocall/clicktocall.php,1
/administrator/index.php//index.php,1
/administrator/index.php/administrator/components/,1
/administrator/index.php/components/,1
/administrator/index.php/administrator/modules/,1
/administrator/index.php/modules/,1
/administrator/index.php/administrator/templates/,1
/administrator/index.php/templates/,2
/administrator/index.php/cache/,1
/administrator/index.php/images/,1
/administrator/index.php/includes/,1
/administrator/index.php/language/,1
/administrator/index.php/media/,1
/administrator/index.php/tmp/,1
/administrator/index.php/images/stories/,1
/administrator/index.php/images/banners/,1
/administrator/index.php/server-status,1
/administrator/index.php/server-info,1
/administrator/index.php/administrator/,3
/administrator/index.php/robots.txt,1
/administrator/index.php/administrator/templates/khepri/css/login.css,7
/administrator/index.php/administrator/templates/system/css/system.css,7
/administrator/index.php/administrator/templates/khepri/css/rounded.css,7
/administrator/index.php/configuration.php~,1
/administrator/index.php/configuration.php.new,1
/administrator/index.php/configuration.php.new~,1
/administrator/index.php/configuration.php.old,1
/administrator/index.php/configuration.php.old~,1
/administrator/index.php/configuration.bak,1
/administrator/index.php/configuration.php.bak,1
/administrator/index.php/configuration.php.bkp,1
/administrator/index.php/configuration.txt,1
/administrator/index.php/configuration.php.txt,1
/administrator/index.php/configuration%20-%20Copy.php,1
/administrator/index.php/configuration.php.swo,1
/administrator/index.php/configuration.php_bak,1
/administrator/index.php/configuration.php,1
/administrator/index.php/configuration.orig,1
/administrator/index.php/configuration.php.save,1
/administrator/index.php/configuration.php.original,1
/administrator/index.php/configuration.php.swp,1
/administrator/index.php/configuration.save,1
/administrator/index.php/.configuration.php.swp,1
/administrator/index.php/configuration.php1,1
/administrator/index.php/configuration.php2,1
/administrator/index.php/configuration.php3,1
/administrator/index.php/configuration.php4,2
/administrator/index.php/configuration.php6,1
/administrator/index.php/configuration.php7,1
/administrator/index.php/configuration.phtml,1
/administrator/index.php/configuration.php-dist,1
/administrator/index.php/templates/system/css/system.css,4
/administrator/index.php/templates/khepri/css/rounded.css,4
/administrator/index.php/templates/khepri/css/login.css,4
/index.php/admin,1
/index.php/administrador,1
/templates/index.html,1
/language/index.html,1
/index.php/wp-json/wp/v2/users/,1
/administrator/index.php/administrator/%22,2
/administrator/language/en-GB/en-GB.xml,1
/index.php/,1
/stories/raith/wohnraum.jpg,1
/stories/raith/,1
/index.php/admin/,1
/index.php/gaestebuch/,2
/index.php/component/jambook/,2
/index.php/guestbook/,4
/index.php/gaestebuch,2
/components/com_user/controller.php,1
/components/com_user/models/reset.php,1
/htaccess,1